# The 1,000 most populous US places, for offline location matching.
# Population and coordinates originate with the US Census Bureau (a US government
# work, public domain); assembled via plotly/datasets (MIT). Facts only.
# Coordinates rounded to 4dp (~11m) — far finer than metro-level matching needs.
city,state,lat,lon,population
Abilene,TX,32.4487,-99.7331,120099
Addison,IL,41.9317,-87.989,37385
Akron,OH,41.0814,-81.519,198100
Alameda,CA,37.7652,-122.2416,76419
Albany,GA,31.5785,-84.1557,76185
Albany,NY,42.6526,-73.7562,98424
Albany,OR,44.6365,-123.1059,51583
Albuquerque,NM,35.0853,-106.6056,556495
Alexandria,LA,31.3113,-92.4451,48426
Alexandria,VA,38.8048,-77.0469,148892
Alhambra,CA,34.0953,-118.127,84577
Aliso Viejo,CA,33.5677,-117.7256,50175
Allen,TX,33.1032,-96.6706,92020
Allentown,PA,40.6084,-75.4902,118577
Alpharetta,GA,34.0754,-84.2941,62298
Altamonte Springs,FL,28.6611,-81.3656,42150
Altoona,PA,40.5187,-78.3947,45796
Amarillo,TX,35.222,-101.8313,196429
Ames,IA,42.0347,-93.62,61792
Anaheim,CA,33.8353,-117.9145,345012
Anchorage,AK,61.2181,-149.9003,300950
Anderson,IN,40.1053,-85.6803,55670
Ankeny,IA,41.7318,-93.6001,51567
Ann Arbor,MI,42.2808,-83.743,117025
Annapolis,MD,38.9784,-76.4922,38722
Antioch,CA,38.0049,-121.8058,107100
Apache Junction,AZ,33.415,-111.5496,37130
Apex,NC,35.7327,-78.8503,42214
Apopka,FL,28.6934,-81.5322,45587
Apple Valley,CA,34.5008,-117.1859,70924
Apple Valley,MN,44.7319,-93.2177,50201
Appleton,WI,44.2619,-88.4154,73596
Arcadia,CA,34.1397,-118.0353,57639
Arlington,TX,32.7357,-97.1081,379577
Arlington Heights,IL,42.0884,-87.9806,75994
Arvada,CO,39.8028,-105.0875,111707
Asheville,NC,35.5951,-82.5515,87236
Athens-Clarke County,GA,33.9519,-83.3576,119980
Atlanta,GA,33.749,-84.388,447841
Atlantic City,NJ,39.3643,-74.4229,39551
Attleboro,MA,41.9445,-71.2856,43886
Auburn,AL,32.6099,-85.4808,58582
Auburn,WA,47.3073,-122.2285,74860
Augusta-Richmond County,GA,33.4735,-82.0105,197350
Aurora,CO,39.7294,-104.8319,345803
Aurora,IL,41.7606,-88.3201,199963
Austin,TX,30.2672,-97.7431,885400
Aventura,FL,25.9565,-80.1392,37199
Avondale,AZ,33.4356,-112.3496,78822
Azusa,CA,34.1336,-117.9076,47842
Bakersfield,CA,35.3733,-119.0187,363630
Baldwin Park,CA,34.0853,-117.9609,76635
Baltimore,MD,39.2904,-76.6122,622104
Barnstable Town,MA,41.7003,-70.3002,44641
Bartlett,IL,41.995,-88.1856,41679
Bartlett,TN,35.2045,-89.874,58226
Baton Rouge,LA,30.4583,-91.1403,229426
Battle Creek,MI,42.3212,-85.1797,51848
Bayonne,NJ,40.6687,-74.1143,65028
Baytown,TX,29.7355,-94.9774,75418
Beaumont,CA,33.9295,-116.9772,40481
Beaumont,TX,30.0802,-94.1266,117796
Beavercreek,OH,39.7092,-84.0633,45712
Beaverton,OR,45.4871,-122.8037,93542
Bedford,TX,32.844,-97.1431,48592
Bell Gardens,CA,33.9653,-118.1515,42889
Belleville,IL,38.5201,-89.984,42895
Bellevue,NE,41.1544,-95.9146,53663
Bellevue,WA,47.6104,-122.2007,133992
Bellflower,CA,33.8817,-118.117,77593
Bellingham,WA,48.7491,-122.4781,82631
Beloit,WI,42.5083,-89.0318,36888
Bend,OR,44.0582,-121.3153,81236
Bentonville,AR,36.3729,-94.2088,40167
Berkeley,CA,37.8716,-122.2727,116768
Berwyn,IL,41.8506,-87.7937,56758
Bethlehem,PA,40.6259,-75.3705,75018
Beverly,MA,42.5584,-70.88,40664
Billings,MT,45.7833,-108.5007,109059
Biloxi,MS,30.396,-88.8853,44820
Binghamton,NY,42.0987,-75.918,46444
Birmingham,AL,33.5207,-86.8025,212113
Bismarck,ND,46.8083,-100.7837,67034
Blacksburg,VA,37.2296,-80.4139,43609
Blaine,MN,45.1608,-93.2349,60407
Bloomington,IL,40.4842,-88.9937,78902
Bloomington,IN,39.1653,-86.5264,82575
Bloomington,MN,44.8408,-93.2983,86319
Blue Springs,MO,39.017,-94.2816,53294
Boca Raton,FL,26.3683,-80.1289,89407
Boise City,ID,43.6187,-116.2146,214237
Bolingbrook,IL,41.6986,-88.0684,73936
Bonita Springs,FL,26.3398,-81.7787,47547
Bossier City,LA,32.516,-93.7321,66333
Boston,MA,42.3601,-71.0589,645966
Boulder,CO,40.015,-105.2705,103166
Bountiful,UT,40.8894,-111.8808,43023
Bowie,MD,39.0068,-76.7791,56759
Bowling Green,KY,36.9685,-86.4808,61488
Boynton Beach,FL,26.5318,-80.0905,71097
Bozeman,MT,45.677,-111.0429,39860
Bradenton,FL,27.4989,-82.5748,51763
Brea,CA,33.9167,-117.9001,40963
Bremerton,WA,47.5673,-122.6329,39056
Brentwood,CA,37.9319,-121.6958,55000
Brentwood,TN,36.0331,-86.7828,40021
Bridgeport,CT,41.1865,-73.1952,147216
Bristol,CT,41.6718,-72.9493,60568
Brockton,MA,42.0834,-71.0184,94089
Broken Arrow,OK,36.0609,-95.7975,103500
Brookfield,WI,43.0606,-88.1065,37999
Brookhaven,GA,33.8651,-84.3366,50603
Brooklyn Park,MN,45.0941,-93.3563,78373
Broomfield,CO,39.9205,-105.0867,59471
Brownsville,TX,25.9017,-97.4975,181860
Bryan,TX,30.6744,-96.37,78709
Buckeye,AZ,33.3703,-112.5838,56683
Buena Park,CA,33.8675,-117.9981,82882
Buffalo,NY,42.8864,-78.8784,258959
Buffalo Grove,IL,42.1663,-87.9631,41778
Bullhead City,AZ,35.1359,-114.5286,39383
Burbank,CA,34.1808,-118.309,104709
Burien,WA,47.4704,-122.3468,49858
Burleson,TX,32.5421,-97.3208,40714
Burlington,NC,36.0957,-79.4378,51510
Burlington,VT,44.4759,-73.2121,42284
Burnsville,MN,44.7677,-93.2777,61434
Caldwell,ID,43.6629,-116.6874,48957
Calexico,CA,32.6789,-115.4989,39389
Calumet City,IL,41.6156,-87.5295,37240
Camarillo,CA,34.2164,-119.0376,66086
Cambridge,MA,42.3736,-71.1097,107289
Camden,NJ,39.9259,-75.1196,76903
Campbell,CA,37.2872,-121.95,40584
Canton,OH,40.7989,-81.3784,72535
Cape Coral,FL,26.5629,-81.9495,165831
Cape Girardeau,MO,37.3059,-89.5181,38816
Carlsbad,CA,33.1581,-117.3506,110972
Carmel,IN,39.9784,-86.118,85927
Carol Stream,IL,41.9125,-88.1348,40379
Carpentersville,IL,42.1211,-88.2579,38241
Carrollton,TX,32.9756,-96.89,126700
Carson,CA,33.8317,-118.2817,92599
Carson City,NV,39.1638,-119.7674,54080
Cary,NC,35.7915,-78.7811,151088
Casa Grande,AZ,32.8795,-111.7574,50111
Casper,WY,42.8666,-106.3131,59628
Castle Rock,CO,39.3722,-104.8561,53063
Cathedral City,CA,33.7805,-116.4668,52977
Cedar Falls,IA,42.5349,-92.4453,40566
Cedar Hill,TX,32.5885,-96.9561,46663
Cedar Park,TX,30.5052,-97.8203,61238
Cedar Rapids,IA,41.9779,-91.6656,128429
Centennial,CO,39.5807,-104.8772,106114
Ceres,CA,37.5949,-120.9577,46714
Cerritos,CA,33.8583,-118.0648,49707
Champaign,IL,40.1164,-88.2434,83424
Chandler,AZ,33.3062,-111.8413,249146
Chapel Hill,NC,35.9132,-79.0558,59635
Charleston,SC,32.7765,-79.9311,127999
Charleston,WV,38.3498,-81.6326,50821
Charlotte,NC,35.2271,-80.8431,792862
Charlottesville,VA,38.0293,-78.4767,44349
Chattanooga,TN,35.0456,-85.3097,173366
Chelsea,MA,42.3918,-71.0328,37670
Chesapeake,VA,36.7682,-76.2875,230571
Chesterfield,MO,38.6631,-90.5771,47749
Cheyenne,WY,41.14,-104.8202,62448
Chicago,IL,41.8781,-87.6298,2718782
Chico,CA,39.7285,-121.8375,88077
Chicopee,MA,42.1487,-72.6079,55717
Chino,CA,34.0122,-117.6889,80988
Chino Hills,CA,33.9898,-117.7326,76572
Chula Vista,CA,32.6401,-117.0842,256780
Cicero,IL,41.8456,-87.7539,84103
Cincinnati,OH,39.1031,-84.512,297517
Citrus Heights,CA,38.7071,-121.2811,85285
Clarksville,TN,36.5298,-87.3595,142357
Clearwater,FL,27.9659,-82.8001,109703
Cleveland,OH,41.4993,-81.6944,390113
Cleveland,TN,35.1595,-84.8766,42774
Cleveland Heights,OH,41.5201,-81.5562,45394
Clifton,NJ,40.8584,-74.1638,85390
Clovis,CA,36.8252,-119.7029,99769
Clovis,NM,34.4048,-103.2052,39508
Coachella,CA,33.6803,-116.1739,43092
Coconut Creek,FL,26.2517,-80.1789,56792
Coeur d'Alene,ID,47.6777,-116.7805,46402
College Station,TX,30.628,-96.3344,100050
Collierville,TN,35.042,-89.6645,47333
Colorado Springs,CO,38.8339,-104.8214,439886
Colton,CA,34.0739,-117.3137,53243
Columbia,MO,38.9517,-92.3341,115276
Columbia,SC,34.0007,-81.0348,133358
Columbus,GA,32.461,-84.9877,202824
Columbus,IN,39.2014,-85.9214,45775
Columbus,OH,39.9612,-82.9988,822553
Commerce City,CO,39.8083,-104.9339,49799
Compton,CA,33.8958,-118.2201,97877
Concord,CA,37.978,-122.0311,125880
Concord,NC,35.4088,-80.5795,83506
Concord,NH,43.2081,-71.5376,42419
Conroe,TX,30.3119,-95.4561,63032
Conway,AR,35.0887,-92.4421,63816
Coon Rapids,MN,45.1732,-93.303,62103
Coppell,TX,32.9546,-97.015,40342
Coral Gables,FL,25.7215,-80.2684,49631
Coral Springs,FL,26.2712,-80.2706,126604
Corona,CA,33.8753,-117.5664,159503
Corpus Christi,TX,27.8006,-97.3964,316381
Corvallis,OR,44.5646,-123.262,55298
Costa Mesa,CA,33.6411,-117.9187,112174
Council Bluffs,IA,41.2619,-95.8608,61969
Covina,CA,34.09,-117.8903,48508
Covington,KY,39.0837,-84.5086,40956
Cranston,RI,41.7798,-71.4373,80566
Crystal Lake,IL,42.2411,-88.3162,40388
Culver City,CA,34.0211,-118.3965,39428
Cupertino,CA,37.323,-122.0322,60189
Cutler Bay,FL,25.5808,-80.3469,43328
Cuyahoga Falls,OH,41.1339,-81.4846,49267
Cypress,CA,33.817,-118.0373,49087
Dallas,TX,32.7767,-96.797,1257676
Daly City,CA,37.6879,-122.4702,104739
Danbury,CT,41.3948,-73.454,83684
Danville,CA,37.8216,-122.0,43341
Danville,VA,36.586,-79.395,42907
Davenport,IA,41.5236,-90.5776,102157
Davie,FL,26.0765,-80.2521,96830
Davis,CA,38.5449,-121.7405,66205
Dayton,OH,39.7589,-84.1916,143355
Daytona Beach,FL,29.2108,-81.0228,62316
DeKalb,IL,41.9295,-88.7504,43849
DeSoto,TX,32.5897,-96.8571,51483
Dearborn,MI,42.3223,-83.1763,95884
Dearborn Heights,MI,42.337,-83.2733,56620
Decatur,AL,34.6059,-86.9833,55816
Decatur,IL,39.8403,-88.9548,74710
Deerfield Beach,FL,26.3184,-80.0998,78041
Delano,CA,35.7688,-119.2471,52403
Delray Beach,FL,26.4615,-80.0728,64072
Deltona,FL,28.9005,-81.2637,86290
Denton,TX,33.2148,-97.1331,123099
Denver,CO,39.7392,-104.9903,649495
Des Moines,IA,41.6005,-93.6091,207510
Des Plaines,IL,42.0334,-87.8834,58918
Detroit,MI,42.3314,-83.0458,688701
Diamond Bar,CA,34.0286,-117.8103,56449
Doral,FL,25.8195,-80.3553,50213
Dothan,AL,31.2232,-85.3905,68001
Dover,DE,39.1582,-75.5244,37366
Downers Grove,IL,41.8089,-88.0112,49670
Downey,CA,33.9401,-118.1332,113242
Draper,UT,40.5247,-111.8638,45285
Dublin,CA,37.7022,-121.9358,52105
Dublin,OH,40.0992,-83.1141,43607
Dubuque,IA,42.5006,-90.6646,58253
Duluth,MN,46.7867,-92.1005,86128
Duncanville,TX,32.6518,-96.9083,39605
Dunwoody,GA,33.9462,-84.3346,47591
Durham,NC,35.994,-78.8986,245475
Eagan,MN,44.8041,-93.1669,65453
East Lansing,MI,42.737,-84.4839,48554
East Orange,NJ,40.7673,-74.2049,64544
East Providence,RI,41.8137,-71.3701,47149
Eastvale,CA,33.9525,-117.5848,55191
Eau Claire,WI,44.8113,-91.4985,67545
Eden Prairie,MN,44.8547,-93.4708,62603
Edina,MN,44.8897,-93.3499,49376
Edinburg,TX,26.3017,-98.1633,80836
Edmond,OK,35.6528,-97.4781,87004
Edmonds,WA,47.8107,-122.3774,40727
El Cajon,CA,32.7948,-116.9625,102211
El Centro,CA,32.792,-115.5631,43363
El Monte,CA,34.0686,-118.0276,115708
El Paso,TX,31.7776,-106.4425,674433
Elgin,IL,42.0354,-88.2826,110145
Elizabeth,NJ,40.664,-74.2107,127558
Elk Grove,CA,38.4088,-121.3716,161007
Elkhart,IN,41.682,-85.9767,51265
Elmhurst,IL,41.8995,-87.9403,45556
Elyria,OH,41.3684,-82.1076,53956
Encinitas,CA,33.037,-117.292,61588
Enid,OK,36.3956,-97.8784,50725
Erie,PA,42.1292,-80.0851,100671
Escondido,CA,33.1192,-117.0864,148738
Euclid,OH,41.5931,-81.5268,48139
Eugene,OR,44.0521,-123.0868,159190
Euless,TX,32.8371,-97.082,53224
Evanston,IL,42.0451,-87.6877,75570
Evansville,IN,37.9716,-87.5711,120310
Everett,MA,42.4084,-71.0537,42935
Everett,WA,47.979,-122.2021,105370
Fairfield,CA,38.2494,-122.04,109320
Fairfield,OH,39.3455,-84.5603,42635
Fall River,MA,41.7015,-71.155,88697
Fargo,ND,46.8772,-96.7898,113658
Farmington,NM,36.7281,-108.2187,45426
Farmington Hills,MI,42.499,-83.3677,81295
Fayetteville,AR,36.0626,-94.1574,78960
Fayetteville,NC,35.0527,-78.8784,204408
Federal Way,WA,47.3223,-122.3126,92734
Findlay,OH,41.0442,-83.6499,41512
Fishers,IN,39.9568,-86.0134,83891
Fitchburg,MA,42.5834,-71.8023,40383
Flagstaff,AZ,35.1983,-111.6513,68667
Flint,MI,43.0125,-83.6875,99763
Florence,AL,34.7998,-87.6773,40059
Florence,SC,34.1954,-79.7626,37792
Florissant,MO,38.7892,-90.3226,52363
Flower Mound,TX,33.0146,-97.097,68609
Folsom,CA,38.678,-121.1761,73098
Fond du Lac,WI,43.773,-88.4471,42970
Fontana,CA,34.0922,-117.435,203003
Fort Collins,CO,40.5853,-105.0844,152061
Fort Lauderdale,FL,26.1224,-80.1373,172389
Fort Myers,FL,26.6406,-81.8723,68190
Fort Pierce,FL,27.4467,-80.3256,43074
Fort Smith,AR,35.3859,-94.3985,87650
Fort Wayne,IN,41.0793,-85.1394,256496
Fort Worth,TX,32.7555,-97.3308,792727
Fountain Valley,CA,33.7092,-117.9537,56707
Franklin,TN,35.9251,-86.8689,68886
Frederick,MD,39.4143,-77.4105,66893
Freeport,NY,40.6576,-73.5832,43167
Fremont,CA,37.5483,-121.9886,224922
Fresno,CA,36.7468,-119.7726,509924
Friendswood,TX,29.5294,-95.201,37587
Frisco,TX,33.1507,-96.8236,136791
Fullerton,CA,33.8704,-117.9243,138981
Gainesville,FL,29.6516,-82.3248,127488
Gaithersburg,MD,39.1434,-77.2014,65690
Galveston,TX,29.3013,-94.7977,48733
Garden Grove,CA,33.7739,-117.9414,175140
Gardena,CA,33.8883,-118.309,59957
Garland,TX,32.9126,-96.6389,234566
Gary,IN,41.5934,-87.3464,78450
Gastonia,NC,35.2621,-81.1873,73209
Georgetown,TX,30.6333,-97.678,54898
Germantown,TN,35.0868,-89.8101,39375
Gilbert,AZ,33.3528,-111.789,229972
Gilroy,CA,37.0058,-121.5683,51701
Glendale,AZ,33.5387,-112.186,234632
Glendale,CA,34.1425,-118.2551,196021
Glendora,CA,34.1361,-117.8653,51074
Glenview,IL,42.0698,-87.7878,45417
Goodyear,AZ,33.4353,-112.3577,72864
Goose Creek,SC,32.981,-80.0326,39823
Grand Forks,ND,47.9253,-97.0329,54932
Grand Island,NE,40.9264,-98.342,50550
Grand Junction,CO,39.0639,-108.5506,59778
Grand Prairie,TX,32.746,-96.9978,183372
Grand Rapids,MI,42.9634,-85.6681,192294
Grapevine,TX,32.9343,-97.0781,50195
Great Falls,MT,47.4942,-111.2833,59351
Greeley,CO,40.4233,-104.7091,96539
Green Bay,WI,44.5192,-88.0198,104779
Greenacres,FL,26.6276,-80.1354,38696
Greenfield,WI,42.9614,-88.0126,37159
Greensboro,NC,36.0726,-79.792,279639
Greenville,NC,35.6127,-77.3664,89130
Greenville,SC,34.8526,-82.394,61397
Greenwood,IN,39.6137,-86.1067,53665
Gresham,OR,45.5001,-122.4302,109397
Grove City,OH,39.8815,-83.093,37490
Gulfport,MS,30.3674,-89.0928,71012
Hackensack,NJ,40.8859,-74.0435,44113
Hagerstown,MD,39.6418,-77.72,40612
Hallandale Beach,FL,25.9812,-80.1484,38632
Haltom City,TX,32.7996,-97.2692,43580
Hamilton,OH,39.3995,-84.5613,62258
Hammond,IN,41.5834,-87.5,78967
Hampton,VA,37.0299,-76.3452,136699
Hanford,CA,36.3275,-119.6457,54686
Hanover Park,IL,41.9995,-88.1451,38510
Harlingen,TX,26.1906,-97.6961,65665
Harrisburg,PA,40.2732,-76.8867,49188
Harrisonburg,VA,38.4496,-78.8689,51395
Hartford,CT,41.7637,-72.6851,125017
Hattiesburg,MS,31.3271,-89.2903,47556
Haverhill,MA,42.7762,-71.0773,62088
Hawthorne,CA,33.9164,-118.3526,86199
Hayward,CA,37.6688,-122.0808,151574
Hemet,CA,33.7475,-116.972,81750
Hempstead,NY,40.7062,-73.6187,55361
Henderson,NV,36.0395,-114.9817,270811
Hendersonville,TN,36.3048,-86.62,54068
Hesperia,CA,34.4264,-117.3009,92147
Hialeah,FL,25.8576,-80.2781,233394
Hickory,NC,35.7345,-81.3445,40361
High Point,NC,35.9557,-80.0053,107741
Highland,CA,34.1283,-117.2087,54291
Hillsboro,OR,45.5229,-122.9898,97368
Hilton Head Island,SC,32.2163,-80.7526,39412
Hoboken,NJ,40.744,-74.0324,52575
Hoffman Estates,IL,42.063,-88.1227,52398
Hollywood,FL,26.0112,-80.1495,146526
Holyoke,MA,42.2043,-72.6162,40249
Homestead,FL,25.4687,-80.4776,64079
Honolulu,HI,21.3069,-157.8583,347884
Hoover,AL,33.4054,-86.8114,84126
Houston,TX,29.7604,-95.3698,2195914
Huber Heights,OH,39.8439,-84.1247,38142
Huntersville,NC,35.4107,-80.8429,50458
Huntington,WV,38.4192,-82.4452,49177
Huntington Beach,CA,33.6603,-117.9992,197575
Huntington Park,CA,33.9817,-118.2251,58879
Huntsville,AL,34.7304,-86.5861,186254
Huntsville,TX,30.7235,-95.5508,39795
Hurst,TX,32.8235,-97.1706,38448
Hutchinson,KS,38.0608,-97.9298,41889
Idaho Falls,ID,43.4917,-112.034,58292
Independence,MO,39.0911,-94.4155,117240
Indianapolis,IN,39.7684,-86.1581,843393
Indio,CA,33.7206,-116.2156,83539
Inglewood,CA,33.9617,-118.3531,111542
Iowa City,IA,41.6611,-91.5302,71591
Irvine,CA,33.6839,-117.7947,236716
Irving,TX,32.814,-96.9489,228653
Jackson,MS,32.2988,-90.1848,172638
Jackson,TN,35.6145,-88.8139,67685
Jacksonville,FL,30.3322,-81.6557,842583
Jacksonville,NC,34.7541,-77.4302,69079
Janesville,WI,42.6828,-89.0187,63820
Jefferson City,MO,38.5767,-92.1735,43330
Jeffersonville,IN,38.2776,-85.7372,45929
Jersey City,NJ,40.7282,-74.0776,257342
Johns Creek,GA,34.0289,-84.1986,82788
Johnson City,TN,36.3134,-82.3535,65123
Joliet,IL,41.525,-88.0817,147806
Jonesboro,AR,35.8423,-90.7043,71551
Joplin,MO,37.0842,-94.5133,50789
Jupiter,FL,26.9342,-80.0942,58298
Jurupa Valley,CA,33.9972,-117.4855,98030
Kalamazoo,MI,42.2917,-85.5872,75548
Kannapolis,NC,35.4874,-80.6217,44359
Kansas City,KS,39.1141,-94.6275,148483
Kansas City,MO,39.0997,-94.5786,467007
Kearny,NJ,40.7684,-74.1454,41664
Keizer,OR,44.9901,-123.0262,37064
Keller,TX,32.9342,-97.2293,42907
Kenner,LA,29.9941,-90.2417,66975
Kennewick,WA,46.2112,-119.1372,76762
Kenosha,WI,42.5847,-87.8212,99889
Kent,WA,47.3809,-122.2348,124435
Kentwood,MI,42.8695,-85.6447,50233
Kettering,OH,39.6895,-84.1688,55870
Killeen,TX,31.1171,-97.7278,137147
Kingsport,TN,36.5484,-82.5618,52962
Kirkland,WA,47.6815,-122.2087,84430
Kissimmee,FL,28.292,-81.4076,65173
Knoxville,TN,35.9606,-83.9207,183270
Kokomo,IN,40.4864,-86.1336,56895
La Crosse,WI,43.8014,-91.2396,51522
La Habra,CA,33.932,-117.9462,61653
La Mesa,CA,32.7678,-117.0231,58642
La Mirada,CA,33.9172,-118.012,49133
La Puente,CA,34.02,-117.9495,40435
La Quinta,CA,33.6634,-116.31,39331
Lacey,WA,47.0343,-122.8232,44919
Lafayette,IN,40.4167,-86.8753,70373
Lafayette,LA,30.2241,-92.0198,124276
Laguna Niguel,CA,33.5225,-117.7076,64652
Lake Charles,LA,30.2266,-93.2174,74024
Lake Elsinore,CA,33.6681,-117.3273,57525
Lake Forest,CA,33.647,-117.6892,79312
Lake Havasu City,AZ,34.4839,-114.3225,52844
Lake Oswego,OR,45.4207,-122.6706,37610
Lakeland,FL,28.0395,-81.9498,100710
Lakeville,MN,44.6497,-93.2427,58562
Lakewood,CA,33.8536,-118.134,81121
Lakewood,CO,39.7047,-105.0814,147214
Lakewood,OH,41.482,-81.7982,51143
Lakewood,WA,47.1718,-122.5185,59097
Lancaster,CA,34.6868,-118.1542,159523
Lancaster,OH,39.7137,-82.5993,39325
Lancaster,PA,40.0379,-76.3055,59325
Lancaster,TX,32.5921,-96.7561,38071
Lansing,MI,42.7325,-84.5555,113972
Laredo,TX,27.5306,-99.4803,248142
Largo,FL,27.9095,-82.7873,78409
Las Cruces,NM,32.3199,-106.7637,101324
Las Vegas,NV,36.1699,-115.1398,603488
Lauderhill,FL,26.1404,-80.2134,69813
Lawrence,IN,39.8387,-86.0253,47135
Lawrence,KS,38.9717,-95.2353,90811
Lawrence,MA,42.707,-71.1631,77657
Lawton,OK,34.6036,-98.3959,97151
Layton,UT,41.0602,-111.9711,70790
League City,TX,29.5075,-95.0949,90983
Lee's Summit,MO,38.9108,-94.3822,93184
Leesburg,VA,39.1157,-77.5636,47673
Lehi,UT,40.3916,-111.8508,54382
Lenexa,KS,38.9536,-94.7336,50344
Leominster,MA,42.5251,-71.7598,41002
Lewisville,TX,33.0462,-96.9942,101074
Lexington-Fayette,KY,38.0406,-84.5037,308428
Lima,OH,40.7426,-84.1052,38355
Lincoln,CA,38.8916,-121.293,45237
Lincoln,NE,40.8258,-96.6852,268738
Lincoln Park,MI,42.2506,-83.1785,37313
Linden,NJ,40.622,-74.2446,41301
Little Rock,AR,34.7465,-92.2896,197357
Littleton,CO,39.6133,-105.0166,44275
Livermore,CA,37.6819,-121.768,85156
Livonia,MI,42.3684,-83.3527,95208
Lodi,CA,38.1341,-121.2722,63338
Logan,UT,41.737,-111.8338,48913
Lombard,IL,41.88,-88.0078,43907
Lompoc,CA,34.6392,-120.4579,43509
Long Beach,CA,33.7701,-118.1937,469428
Longmont,CO,40.1672,-105.1019,89919
Longview,TX,32.5007,-94.7405,81443
Lorain,OH,41.4528,-82.1824,63710
Los Angeles,CA,34.0522,-118.2437,3884307
Louisville,KY,38.2527,-85.7585,609893
Loveland,CO,40.3978,-105.075,71334
Lowell,MA,42.6334,-71.3162,108861
Lubbock,TX,33.5779,-101.8552,239538
Lynchburg,VA,37.4138,-79.1422,78014
Lynn,MA,42.4668,-70.9495,91589
Lynwood,CA,33.9303,-118.2115,71371
Macon,GA,32.8407,-83.6324,89981
Madera,CA,36.9613,-120.0607,63105
Madison,AL,34.6993,-86.7483,45799
Madison,WI,43.0731,-89.4012,243344
Malden,MA,42.4251,-71.0662,60509
Manassas,VA,38.7509,-77.4753,41705
Manchester,NH,42.9956,-71.4548,110378
Manhattan,KS,39.1836,-96.5717,56143
Mankato,MN,44.1636,-93.9994,40641
Mansfield,OH,40.7584,-82.5154,46454
Mansfield,TX,32.5632,-97.1417,60872
Manteca,CA,37.7974,-121.2161,71948
Maple Grove,MN,45.0725,-93.4558,65415
Maplewood,MN,44.953,-92.9952,39765
Marana,AZ,32.4364,-111.2224,38290
Margate,FL,26.2445,-80.2064,55456
Maricopa,AZ,33.0581,-112.0476,45508
Marietta,GA,33.9526,-84.5499,59089
Marlborough,MA,42.3459,-71.5523,39414
Martinez,CA,38.0194,-122.1341,37165
Marysville,WA,48.0518,-122.1771,63269
McAllen,TX,26.2034,-98.23,136639
McKinney,TX,33.1972,-96.6398,148559
Medford,MA,42.4184,-71.1062,57170
Medford,OR,42.3265,-122.8756,77677
Melbourne,FL,28.0836,-80.6081,77508
Memphis,TN,35.1495,-90.049,653450
Menifee,CA,33.6971,-117.1853,83447
Mentor,OH,41.6662,-81.3396,46979
Merced,CA,37.3022,-120.483,81102
Meriden,CT,41.5382,-72.807,60456
Meridian,ID,43.6121,-116.3915,83596
Meridian,MS,32.3643,-88.7037,40921
Mesa,AZ,33.4152,-111.8315,457587
Mesquite,TX,32.7668,-96.5992,143484
Methuen,MA,42.7262,-71.1909,48514
Miami,FL,25.7617,-80.1918,417650
Miami Beach,FL,25.7907,-80.13,91026
Miami Gardens,FL,25.942,-80.2456,111378
Middletown,CT,41.5623,-72.6506,47333
Middletown,OH,39.5151,-84.3983,48630
Midland,MI,43.6156,-84.2472,42181
Midland,TX,31.9973,-102.0779,123933
Midwest City,OK,35.4495,-97.3967,56756
Milford,CT,41.2307,-73.064,51644
Milpitas,CA,37.4323,-121.8996,69783
Milwaukee,WI,43.0389,-87.9065,599164
Minneapolis,MN,44.9778,-93.265,400070
Minnetonka,MN,44.9212,-93.4687,51368
Minot,ND,48.233,-101.2923,46321
Miramar,FL,25.9861,-80.3036,130288
Mishawaka,IN,41.662,-86.1586,47989
Mission,TX,26.2159,-98.3253,81050
Mission Viejo,CA,33.6,-117.672,96346
Missoula,MT,46.8787,-113.9966,69122
Missouri City,TX,29.6186,-95.5377,70185
Mobile,AL,30.6954,-88.0399,194899
Modesto,CA,37.6391,-120.9969,204933
Moline,IL,41.5067,-90.5151,43116
Monroe,LA,32.5093,-92.1193,49761
Monrovia,CA,34.1443,-118.0019,37101
Montclair,CA,34.0775,-117.6898,38027
Montebello,CA,34.0165,-118.1138,63495
Monterey Park,CA,34.0625,-118.1228,61085
Montgomery,AL,32.3668,-86.3,201332
Moore,OK,35.3395,-97.4867,58414
Moorhead,MN,46.8738,-96.7678,39398
Moreno Valley,CA,33.9425,-117.2297,201175
Morgan Hill,CA,37.1305,-121.6544,40836
Mount Pleasant,SC,32.8323,-79.8284,74885
Mount Prospect,IL,42.0664,-87.9373,54771
Mount Vernon,NY,40.9126,-73.8371,68224
Mountain View,CA,37.3861,-122.0839,77846
Muncie,IN,40.1934,-85.3864,70316
Murfreesboro,TN,35.8456,-86.3903,117044
Murray,UT,40.6669,-111.888,48612
Murrieta,CA,33.5539,-117.2139,107479
Muskegon,MI,43.2342,-86.2484,37213
Muskogee,OK,35.7479,-95.3697,38863
Nampa,ID,43.5407,-116.5635,86518
Napa,CA,38.2975,-122.2869,79068
Naperville,IL,41.7508,-88.1535,144864
Nashua,NH,42.7654,-71.4676,87137
Nashville,TN,36.1627,-86.7816,634464
National City,CA,32.6781,-117.0992,59834
New Bedford,MA,41.6362,-70.9342,95078
New Berlin,WI,42.9764,-88.1084,39834
New Braunfels,TX,29.703,-98.1245,63279
New Britain,CT,41.6612,-72.7795,72939
New Brunswick,NJ,40.4862,-74.4518,55831
New Haven,CT,41.3083,-72.9279,130660
New Orleans,LA,29.9511,-90.0715,378715
New Rochelle,NY,40.9115,-73.7824,79446
New York,NY,40.7128,-74.0059,8405837
Newark,CA,37.5297,-122.0402,44096
Newark,NJ,40.7357,-74.1724,278427
Newark,OH,40.0581,-82.4013,47777
Newport Beach,CA,33.6189,-117.9289,87273
Newport News,VA,37.0871,-76.473,182020
Newton,MA,42.337,-71.2092,87971
Niagara Falls,NY,43.0962,-79.0377,49468
Noblesville,IN,40.0456,-86.0086,56540
Norfolk,VA,36.8508,-76.2859,246139
Normal,IL,40.5142,-88.9906,54664
Norman,OK,35.2226,-97.4395,118197
North Charleston,SC,32.8546,-79.9748,104054
North Las Vegas,NV,36.1989,-115.1175,226877
North Lauderdale,FL,26.2173,-80.2259,42757
North Little Rock,AR,34.7695,-92.2671,66075
North Miami,FL,25.8901,-80.1867,61007
North Miami Beach,FL,25.9331,-80.1625,43250
North Port,FL,27.0442,-82.2359,59212
North Richland Hills,TX,32.8343,-97.2289,67317
Northglenn,CO,39.8962,-104.9811,37499
Norwalk,CA,33.9022,-118.0817,106589
Norwalk,CT,41.1177,-73.4082,87776
Norwich,CT,41.5243,-72.0759,40347
Novato,CA,38.1074,-122.5697,54194
Novi,MI,42.4806,-83.4755,57960
O'Fallon,MO,38.8106,-90.6998,82809
Oak Lawn,IL,41.72,-87.748,57073
Oak Park,IL,41.885,-87.7845,52066
Oakland,CA,37.8044,-122.2711,406253
Oakland Park,FL,26.1723,-80.132,43286
Oakley,CA,37.9974,-121.7125,38194
Ocala,FL,29.1872,-82.1401,57468
Oceanside,CA,33.1959,-117.3795,172794
Ocoee,FL,28.5692,-81.544,39172
Odessa,TX,31.8457,-102.3676,110720
Ogden,UT,41.223,-111.9738,84249
Oklahoma City,OK,35.4676,-97.5164,610613
Olathe,KS,38.8814,-94.8191,131885
Olympia,WA,47.0379,-122.9007,48338
Omaha,NE,41.2524,-95.998,434353
Ontario,CA,34.0633,-117.6509,167500
Orange,CA,33.7878,-117.8531,139969
Orem,UT,40.2969,-111.6946,91648
Orland Park,IL,41.6303,-87.8539,58590
Orlando,FL,28.5383,-81.3792,255483
Ormond Beach,FL,29.2858,-81.0559,38661
Oro Valley,AZ,32.3909,-110.9665,41627
Oshkosh,WI,44.0247,-88.5426,66778
Overland Park,KS,38.9822,-94.6708,181260
Owensboro,KY,37.7719,-87.1112,58416
Oxnard,CA,34.1975,-119.1771,203007
Pacifica,CA,37.6138,-122.4869,38606
Palatine,IL,42.1103,-88.0342,69350
Palm Bay,FL,28.0345,-80.5887,104898
Palm Beach Gardens,FL,26.8234,-80.1387,50699
Palm Coast,FL,29.5845,-81.2079,78740
Palm Desert,CA,33.7222,-116.3745,50508
Palm Springs,CA,33.8303,-116.5453,46281
Palmdale,CA,34.5794,-118.1165,157161
Palo Alto,CA,37.4419,-122.143,66642
Panama City,FL,30.1588,-85.6602,36877
Paramount,CA,33.8895,-118.1598,54980
Park Ridge,IL,42.0111,-87.8406,37839
Parker,CO,39.5186,-104.7614,48608
Parma,OH,41.4048,-81.7229,80429
Pasadena,CA,34.1478,-118.1445,139731
Pasadena,TX,29.6911,-95.2091,152735
Pasco,WA,46.2396,-119.1006,67599
Passaic,NJ,40.8568,-74.1285,70868
Paterson,NJ,40.9168,-74.1718,145948
Pawtucket,RI,41.8787,-71.3826,71172
Peabody,MA,42.5279,-70.9287,52044
Peachtree Corners,GA,33.9699,-84.2215,40059
Pearland,TX,29.5636,-95.286,100065
Pembroke Pines,FL,26.0078,-80.2963,162329
Pensacola,FL,30.4213,-87.2169,52703
Peoria,AZ,33.5806,-112.2374,162592
Peoria,IL,40.6936,-89.589,116513
Perris,CA,33.7825,-117.2286,72326
Perth Amboy,NJ,40.5068,-74.2654,51982
Petaluma,CA,38.2324,-122.6367,59440
Pflugerville,TX,30.4394,-97.62,53752
Pharr,TX,26.1948,-98.1836,73790
Phenix City,AL,32.471,-85.0008,37498
Philadelphia,PA,39.9526,-75.1652,1553165
Phoenix,AZ,33.4484,-112.074,1513367
Pico Rivera,CA,33.9831,-118.0967,63771
Pine Bluff,AR,34.2284,-92.0032,46094
Pinellas Park,FL,27.8428,-82.6995,49998
Pittsburg,CA,38.028,-121.8847,66695
Pittsburgh,PA,40.4406,-79.9959,305841
Pittsfield,MA,42.4501,-73.2454,44057
Placentia,CA,33.8722,-117.8703,52206
Plainfield,IL,41.6322,-88.212,41734
Plainfield,NJ,40.6337,-74.4074,50588
Plano,TX,33.0198,-96.6989,274409
Plantation,FL,26.1276,-80.2331,90268
Pleasanton,CA,37.6624,-121.8747,74110
Plymouth,MN,45.0105,-93.4555,73987
Pocatello,ID,42.8713,-112.4455,54350
Pomona,CA,34.0551,-117.75,151348
Pompano Beach,FL,26.2379,-80.1248,104410
Pontiac,MI,42.6389,-83.291,59887
Port Arthur,TX,29.885,-93.9399,54135
Port Orange,FL,29.1383,-80.9956,57203
Port St. Lucie,FL,27.273,-80.3582,171016
Portage,MI,42.2012,-85.58,47523
Porterville,CA,36.0652,-119.0168,55174
Portland,ME,43.6615,-70.2553,66318
Portland,OR,45.5231,-122.6765,609456
Portsmouth,VA,36.8354,-76.2983,96205
Poway,CA,32.9628,-117.0359,49417
Prescott,AZ,34.54,-112.4685,40590
Prescott Valley,AZ,34.61,-112.3157,39791
Providence,RI,41.824,-71.4128,177994
Provo,UT,40.2338,-111.6585,116288
Pueblo,CO,38.2544,-104.6091,108249
Puyallup,WA,47.1854,-122.2929,38609
Quincy,IL,39.9356,-91.4099,40915
Quincy,MA,42.2529,-71.0023,93494
Racine,WI,42.7261,-87.7829,78199
Raleigh,NC,35.7796,-78.6382,431746
Rancho Cordova,CA,38.5891,-121.3027,67911
Rancho Cucamonga,CA,34.1064,-117.5931,171386
Rancho Palos Verdes,CA,33.7445,-118.387,42448
Rancho Santa Margarita,CA,33.6409,-117.6031,49228
Rapid City,SD,44.0805,-103.231,70812
Reading,PA,40.3356,-75.9269,87893
Redding,CA,40.5865,-122.3917,91119
Redlands,CA,34.0556,-117.1825,69999
Redmond,WA,47.674,-122.1215,57530
Redondo Beach,CA,33.8492,-118.3884,67815
Redwood City,CA,37.4852,-122.2364,80872
Reno,NV,39.5296,-119.8138,233294
Renton,WA,47.4829,-122.2171,97003
Revere,MA,42.4084,-71.012,53756
Rialto,CA,34.1064,-117.3703,101910
Richardson,TX,32.9483,-96.7299,104475
Richland,WA,46.2857,-119.2845,52413
Richmond,CA,37.9358,-122.3477,107571
Richmond,VA,37.5407,-77.436,214114
Rio Rancho,NM,35.2328,-106.663,91956
Riverside,CA,33.9533,-117.3962,316619
Riverton,UT,40.5219,-111.9391,40921
Roanoke,VA,37.271,-79.9414,98465
Rochester,MN,44.0121,-92.4802,110742
Rochester,NY,43.161,-77.6109,210358
Rochester Hills,MI,42.6584,-83.1499,72952
Rock Hill,SC,34.9249,-81.0251,69103
Rock Island,IL,41.5095,-90.5787,38877
Rockford,IL,42.2711,-89.094,150251
Rocklin,CA,38.7907,-121.2358,59738
Rockville,MD,39.084,-77.1528,64072
Rockwall,TX,32.9312,-96.4597,40922
Rocky Mount,NC,35.9382,-77.7905,56954
Rogers,AR,36.332,-94.1185,60112
Rohnert Park,CA,38.3396,-122.7011,41398
Romeoville,IL,41.6475,-88.0895,39650
Rosemead,CA,34.0806,-118.0728,54561
Roseville,CA,38.7521,-121.288,127035
Roseville,MI,42.4973,-82.9371,47555
Roswell,GA,34.0232,-84.3616,94034
Roswell,NM,33.3943,-104.523,48611
Round Rock,TX,30.5083,-97.6789,109821
Rowlett,TX,32.9029,-96.5639,58043
Roy,UT,41.1616,-112.0263,37733
Royal Oak,MI,42.4895,-83.1446,58946
Sacramento,CA,38.5816,-121.4944,479686
Saginaw,MI,43.4195,-83.9508,50303
Salem,MA,42.5195,-70.8967,42544
Salem,OR,44.9429,-123.0351,160614
Salina,KS,38.8403,-97.6114,47846
Salinas,CA,36.6777,-121.6555,155662
Salt Lake City,UT,40.7608,-111.891,191180
Sammamish,WA,47.6163,-122.0356,50169
San Angelo,TX,31.4638,-100.437,97492
San Antonio,TX,29.4241,-98.4936,1409019
San Bernardino,CA,34.1083,-117.2898,213708
San Bruno,CA,37.6305,-122.4111,42443
San Buenaventura (Ventura),CA,34.2746,-119.229,108817
San Clemente,CA,33.427,-117.612,65040
San Diego,CA,32.7157,-117.1611,1355896
San Francisco,CA,37.7749,-122.4194,837442
San Gabriel,CA,34.0961,-118.1058,40275
San Jacinto,CA,33.7839,-116.9586,45851
San Jose,CA,37.3382,-121.8863,998537
San Leandro,CA,37.7249,-122.1561,87965
San Luis Obispo,CA,35.2828,-120.6596,46377
San Marcos,CA,33.1434,-117.1661,89387
San Marcos,TX,29.8833,-97.9414,54076
San Mateo,CA,37.563,-122.3255,101128
San Rafael,CA,37.9735,-122.5311,58994
San Ramon,CA,37.7799,-121.978,74513
Sandy,UT,40.565,-111.839,90231
Sandy Springs,GA,33.9304,-84.3733,99770
Sanford,FL,28.8029,-81.2695,56002
Santa Ana,CA,33.7456,-117.8678,334227
Santa Barbara,CA,34.4208,-119.6982,90412
Santa Clara,CA,37.3541,-121.9552,120245
Santa Clarita,CA,34.3917,-118.5426,179590
Santa Cruz,CA,36.9741,-122.0308,62864
Santa Fe,NM,35.687,-105.9378,69976
Santa Maria,CA,34.953,-120.4357,102216
Santa Monica,CA,34.0195,-118.4912,92472
Santa Rosa,CA,38.4404,-122.7141,171990
Santee,CA,32.8384,-116.9739,56105
Sarasota,FL,27.3364,-82.5307,53326
Savannah,GA,32.0835,-81.0998,142772
Sayreville,NJ,40.4594,-74.3608,44412
Schaumburg,IL,42.0334,-88.0834,74907
Schenectady,NY,42.8142,-73.9396,65902
Scottsdale,AZ,33.4942,-111.9261,226918
Scranton,PA,41.409,-75.6624,75806
Seattle,WA,47.6062,-122.3321,652405
Shakopee,MN,44.7974,-93.5273,39167
Shawnee,KS,39.0228,-94.7152,64323
Sheboygan,WI,43.7508,-87.7145,48725
Shelton,CT,41.3165,-73.0932,40999
Sherman,TX,33.6357,-96.6089,39296
Shoreline,WA,47.7557,-122.3415,54790
Shreveport,LA,32.5252,-93.7502,200327
Sierra Vista,AZ,31.5455,-110.2773,45129
Simi Valley,CA,34.2694,-118.7815,126181
Sioux City,IA,42.5,-96.4003,82459
Sioux Falls,SD,43.5446,-96.7311,164676
Skokie,IL,42.0324,-87.7416,65176
Smyrna,GA,33.884,-84.5144,53438
Smyrna,TN,35.9828,-86.5186,43060
Somerville,MA,42.3876,-71.0995,78804
South Bend,IN,41.6764,-86.252,100886
South Gate,CA,33.9547,-118.212,95677
South Jordan,UT,40.5622,-111.9297,59366
South San Francisco,CA,37.6547,-122.4077,66174
Southaven,MS,34.989,-90.0126,50997
Southfield,MI,42.4734,-83.2219,73006
Spanish Fork,UT,40.115,-111.6549,36956
Sparks,NV,39.5349,-119.7527,93282
Spartanburg,SC,34.9496,-81.932,37647
Spokane,WA,47.6588,-117.426,210721
Spokane Valley,WA,47.6732,-117.2394,91113
Springdale,AR,36.1867,-94.1288,75229
Springfield,IL,39.7817,-89.6501,117006
Springfield,MA,42.1015,-72.5898,153703
Springfield,MO,37.209,-93.2923,164122
Springfield,OH,39.9242,-83.8088,59357
Springfield,OR,44.0462,-123.022,60177
St. Charles,MO,38.7881,-90.4974,67569
St. Clair Shores,MI,42.4974,-82.8964,60070
St. Cloud,FL,28.2489,-81.2812,40918
St. Cloud,MN,45.5579,-94.1632,66297
St. George,UT,37.0965,-113.5684,76817
St. Joseph,MO,39.7675,-94.8467,77147
St. Louis,MO,38.627,-90.1994,318416
St. Louis Park,MN,44.9597,-93.3702,47411
St. Paul,MN,44.9537,-93.09,294873
St. Peters,MO,38.7875,-90.6299,54842
St. Petersburg,FL,27.7731,-82.64,249688
Stamford,CT,41.0534,-73.5387,126456
Stanton,CA,33.8025,-117.9931,38623
State College,PA,40.7934,-77.86,41757
Sterling Heights,MI,42.5803,-83.0302,131224
Stillwater,OK,36.1156,-97.0584,47186
Stockton,CA,37.9577,-121.2908,298118
Streamwood,IL,42.0256,-88.1784,40351
Strongsville,OH,41.3145,-81.8357,44730
Suffolk,VA,36.7282,-76.5836,85728
Sugar Land,TX,29.6197,-95.6349,83860
Summerville,SC,33.0185,-80.1756,46074
Sumter,SC,33.9204,-80.3415,41190
Sunnyvale,CA,37.3688,-122.0363,147559
Sunrise,FL,26.167,-80.2566,90116
Surprise,AZ,33.6292,-112.3679,123546
Syracuse,NY,43.0481,-76.1474,144669
Tacoma,WA,47.2529,-122.4443,203446
Tallahassee,FL,30.4383,-84.2807,186411
Tamarac,FL,26.2129,-80.2498,63155
Tampa,FL,27.9506,-82.4572,352957
Taunton,MA,41.9001,-71.0898,56069
Taylor,MI,42.2409,-83.2697,61817
Taylorsville,UT,40.6677,-111.9388,60519
Temecula,CA,33.4936,-117.1484,106780
Tempe,AZ,33.4255,-111.94,168228
Temple,TX,31.0982,-97.3428,70190
Terre Haute,IN,39.4667,-87.4139,61025
Texarkana,TX,33.4251,-94.0477,37442
Texas City,TX,29.3838,-94.9027,46081
The Colony,TX,33.0806,-96.8928,39458
Thornton,CO,39.868,-104.9719,127359
Thousand Oaks,CA,34.1706,-118.8376,128731
Tigard,OR,45.4312,-122.7715,50444
Tinley Park,IL,41.5731,-87.7933,57282
Titusville,FL,28.6122,-80.8076,44206
Toledo,OH,41.6639,-83.5552,282313
Topeka,KS,39.0558,-95.689,127679
Torrance,CA,33.8358,-118.3406,147478
Tracy,CA,37.7397,-121.4252,84691
Trenton,NJ,40.2171,-74.7429,84349
Troy,MI,42.6064,-83.1498,82821
Troy,NY,42.7284,-73.6918,49974
Tucson,AZ,32.2217,-110.9265,526116
Tulare,CA,36.2077,-119.3473,61170
Tulsa,OK,36.154,-95.9928,398121
Turlock,CA,37.4947,-120.8466,70365
Tuscaloosa,AL,33.2098,-87.5692,95334
Tustin,CA,33.7459,-117.8262,78327
Twin Falls,ID,42.563,-114.4609,45981
Tyler,TX,32.3513,-95.3011,100223
Union City,CA,37.5934,-122.0438,72528
Union City,NJ,40.6976,-74.2632,68247
Upland,CA,34.0975,-117.6484,75413
Urbana,IL,40.1106,-88.2073,41752
Urbandale,IA,41.6267,-93.7122,41776
Utica,NY,43.1009,-75.2327,61808
Vacaville,CA,38.3566,-121.9877,94275
Valdosta,GA,30.8327,-83.2785,56481
Vallejo,CA,38.1041,-122.2566,118837
Valley Stream,NY,40.6643,-73.7085,37659
Vancouver,WA,45.6387,-122.6615,167405
Victoria,TX,28.8053,-97.0036,65098
Victorville,CA,34.5362,-117.2928,121096
Vineland,NJ,39.4864,-75.026,61050
Virginia Beach,VA,36.8529,-75.978,448479
Visalia,CA,36.3302,-119.2921,127763
Vista,CA,33.2,-117.2425,96929
Waco,TX,31.5493,-97.1467,129030
Walnut Creek,CA,37.9101,-122.0652,66900
Waltham,MA,42.3765,-71.2356,62227
Warner Robins,GA,32.613,-83.6242,72531
Warren,MI,42.5145,-83.0147,134873
Warren,OH,41.2376,-80.8184,40768
Warwick,RI,41.7001,-71.4162,81971
Washington,DC,38.9072,-77.0369,646449
Waterbury,CT,41.5582,-73.0515,109676
Waterloo,IA,42.4928,-92.3426,68366
Watsonville,CA,36.9102,-121.7569,52477
Waukegan,IL,42.3636,-87.8448,88826
Waukesha,WI,43.0117,-88.2315,71016
Wausau,WI,44.9591,-89.6301,39309
Wauwatosa,WI,43.0495,-88.0076,47134
Wellington,FL,26.6618,-80.2684,60202
Weslaco,TX,26.1595,-97.9908,37093
West Allis,WI,43.0167,-88.007,60697
West Covina,CA,34.0686,-117.939,107740
West Des Moines,IA,41.5772,-93.7113,61255
West Haven,CT,41.2705,-72.947,55046
West Jordan,UT,40.6097,-111.9391,110077
West New York,NJ,40.7879,-74.0143,52122
West Palm Beach,FL,26.7153,-80.0534,102436
West Sacramento,CA,38.5805,-121.5302,49891
West Valley City,UT,40.6916,-112.0011,133579
Westerville,OH,40.1262,-82.9291,37530
Westfield,MA,42.1251,-72.7495,41301
Westland,MI,42.3242,-83.4002,82578
Westminster,CA,33.7513,-117.994,91739
Westminster,CO,39.8367,-105.0372,110945
Weston,FL,26.1004,-80.3998,68388
Weymouth Town,MA,42.2181,-70.941,55419
Wheaton,IL,41.8661,-88.107,53648
Wheeling,IL,42.1392,-87.929,38015
White Plains,NY,41.034,-73.7629,57866
Whittier,CA,33.9792,-118.0328,86635
Wichita,KS,37.6889,-97.3361,386552
Wichita Falls,TX,33.9137,-98.4934,104898
Wilkes-Barre,PA,41.2459,-75.8813,41108
Wilmington,DE,39.7391,-75.5398,71525
Wilmington,NC,34.2257,-77.9447,112067
Wilson,NC,35.7213,-77.9155,49628
Winston-Salem,NC,36.0999,-80.2442,236441
Winter Garden,FL,28.5653,-81.5862,37711
Woburn,MA,42.4793,-71.1523,39083
Woodbury,MN,44.9239,-92.9594,65656
Woodland,CA,38.6785,-121.7733,56590
Woonsocket,RI,42.0029,-71.5148,41026
Worcester,MA,42.2626,-71.8023,182544
Wylie,TX,33.0151,-96.5389,44575
Wyoming,MI,42.9134,-85.7053,74100
Yakima,WA,46.6021,-120.5059,93257
Yonkers,NY,40.9312,-73.8987,199766
Yorba Linda,CA,33.8886,-117.8131,67032
York,PA,39.9626,-76.7277,43935
Youngstown,OH,41.0998,-80.6495,65184
Yuba City,CA,39.1404,-121.6169,65416
Yucaipa,CA,34.0336,-117.0431,52536
Yuma,AZ,32.6927,-114.6277,91923
